{
  "project_info": {
    "project_number": "736960912915",
    "project_id": "malkarlms-25e76",
    "storage_bucket": "malkarlms-25e76.firebasestorage.app"
  },
  "client": [
    {
      "client_info": {
        "mobilesdk_app_id": "1:736960912915:android:068d195f50ca5b4e01e9e6",
        "android_client_info": {
          "package_name": "com.example.malkarlms"
        }
      },
      "oauth_client": [
        {
          "client_id": "736960912915-qn36n73b8lnfgv09kekg58s1v8pu23en.apps.googleusercontent.com",
          "client_type": 1,
          "android_info": {
            "package_name": "com.example.malkarlms",
            "certificate_hash": "9a3b0c6765072bad8cc1a41e42f9b15cf5046406"
          }
        },
        {
          "client_id": "736960912915-a8aavhuk0rfs0skftdt76hhb6uqvdnal.apps.googleusercontent.com",
          "client_type": 3
        }
      ],
      "api_key": [
        {
          "current_key": "AIzaSyAVEY3TDqMurEtS7xvA3aXOx6iXmiqnus0"
        }
      ],
      "services": {
        "appinvite_service": {
          "other_platform_oauth_client": [
            {
              "client_id": "736960912915-a8aavhuk0rfs0skftdt76hhb6uqvdnal.apps.googleusercontent.com",
              "client_type": 3
            }
          ]
        }
      }
    },
    {
      "client_info": {
        "mobilesdk_app_id": "1:736960912915:android:21bcbc8a6566d5fc01e9e6",
        "android_client_info": {
          "package_name": "com.malkar.app"
        }
      },
      "oauth_client": [
        {
          "client_id": "736960912915-mma7ac10eq66l4lmrf6acbd5vk3bt3sp.apps.googleusercontent.com",
          "client_type": 1,
          "android_info": {
            "package_name": "com.malkar.app",
            "certificate_hash": "9a3b0c6765072bad8cc1a41e42f9b15cf5046406"
          }
        },
        {
          "client_id": "736960912915-a8aavhuk0rfs0skftdt76hhb6uqvdnal.apps.googleusercontent.com",
          "client_type": 3
        }
      ],
      "api_key": [
        {
          "current_key": "AIzaSyAVEY3TDqMurEtS7xvA3aXOx6iXmiqnus0"
        }
      ],
      "services": {
        "appinvite_service": {
          "other_platform_oauth_client": [
            {
              "client_id": "736960912915-a8aavhuk0rfs0skftdt76hhb6uqvdnal.apps.googleusercontent.com",
              "client_type": 3
            }
          ]
        }
      }
    },
    {
      "client_info": {
        "mobilesdk_app_id": "1:736960912915:android:5fddd09b740053b001e9e6",
        "android_client_info": {
          "package_name": "com.malkarlms.app"
        }
      },
      "oauth_client": [
        {
          "client_id": "736960912915-udiqhf4pmp1dea69rug5rkm8aoqrln7c.apps.googleusercontent.com",
          "client_type": 1,
          "android_info": {
            "package_name": "com.malkarlms.app",
            "certificate_hash": "9a3b0c6765072bad8cc1a41e42f9b15cf5046406"
          }
        },
        {
          "client_id": "736960912915-a8aavhuk0rfs0skftdt76hhb6uqvdnal.apps.googleusercontent.com",
          "client_type": 3
        }
      ],
      "api_key": [
        {
          "current_key": "AIzaSyAVEY3TDqMurEtS7xvA3aXOx6iXmiqnus0"
        }
      ],
      "services": {
        "appinvite_service": {
          "other_platform_oauth_client": [
            {
              "client_id": "736960912915-a8aavhuk0rfs0skftdt76hhb6uqvdnal.apps.googleusercontent.com",
              "client_type": 3
            }
          ]
        }
      }
    }
  ],
  "configuration_version": "1"
}